{
  "full-name": "Ф.И.О",
  "address": "Адрес",
  "phone-number": "Телефон номер",
  "select-payment-method": "Выберите способ оплаты",
  "select-delivery-method": "Выберите способ доставки",
  "order-notes": "Примечания к заказу",
  "checkout": "Оформить заказ",
  "write-name": "Напишите имя",
  "write-address": "Напишите адрес",
  "write-phone-number": "Напишите номер телефона",
  "cash": "Наличные",
  "terminal": "Терминал",
  "pickup": "Самовывоз",
  "delivery-within-a-day": "Доставка в течение дня",
  "order-notes-example": "Заметки о вашем заказе, например. специальные заметки для доставки.",
  "by-making-purchase": "Совершая эту покупку, вы соглашаетесь с нашими",
  "terms-and-conditions": "условиями",
  "your-order": "Ваш заказ",
  "subtotal": "Промежуточный итог",
  "cost-of-delivery": "Стоимость доставки",
  "free": "Бесплатно",
  "discount": "Скидка",
  "total-amount": "Итоговая сумма",
  "back-to-home": "Вернуться на главную",
  "application-accepted": "Заявка принята",
  "thanks": "Спасибо. Ваш заказ был получен.",
  "order-number": "Номер заказа",
  "date": "Дата",
  "payment-method": "Способ оплаты",
  "order-info": "Информация о заказе",
  "delivery-method": "Способ доставки",
  "pay-now": "Заплатить сейчас",
  "personal-area": "Личный кабинет",
  "first-name": "Имя",
  "last-name": "Фамилия",
  "phone": "Телефон",
  "change-password": "Изменить пароль",
  "password": "Пароль",
  "confirm-password": "Подтверждение пароля",
  "refresh": "Обновить",
  "my-orders": "Мои заказы",
  "my-addresses": "Мой адрес",
  "add-address": "Добавить адрес",
  "order": "Заказ",
  "status": "Статус",
  "total": "Всего",
  "delivery-address": "Адресс доставки",
  "products": "Товары",
  "quantity": "Количество",
  "amount": "Сумма",
  "self": "Самовывоз",
  "deliver": "Доставка в течении дня",
  "you-havent-ordered-yet": "Вы еще ничего не заказали",
  "save": "Сохранить",
  "cancel-order": "Отменить заказ",
  "cancel-order-alert-text": "Вы действительно хотите отменить заказ?",
  "success": "Успешно",
  "fail": "Что-то пошло не так. Пожалуйста, попытайтесь еще раз",
  "home": "Главный адрес",
  "close-btn": "Закрыть",
  "alert-stock": "Некоторые продукты выбранные вами нет в наличии",
  "note": "Оформление заказа не удалось"
}
