{
  "new-arrivals": "Новые поступления",
  "popular-items": "Популярные товары",
  "the-best-selection-for-you": "Лучшая подборка для вас",
  "all-categories": "Все категории",
  "product-search": "Поиск по товарам",
  "items": "Товара",
  "item": "Товар",
  "add-to-cart": "Добавить в корзину",
  "view-all-products": "Посмотреть все товары",
  "products-not-found": "Товары не найдены",
  "amount": "Сумма",
  "checkout": "Оформить заказ",
  "personal-area": "Личный кабинет",
  "filter": "Фильтр",
  "filter-by-price": "Фильтрация по цене",
  "brands": "Бренды",
  "sort-by-newness": "Сортировка по новизне",
  "sort-by-price-ascending": "Сортировка по цене: по возрастанию",
  "sort-by-price-descending": "Сортировка по цене: по убыванию",
  "about-product": "О товаре",
  "availability-in-stores": "Наличие в магазинах",
  "related-products": "Сопутствующие товары",
  "main": "Главная",
  "back": "Назад",
  "calculate-by-unired": "Рассчитать по UNIRED",
  "calculate-by-rassrochka": "Рассчитать в рассрочку",
  "login": "Войти",
  "get-unired-card": "Получить карту Unired",
  "per-month-unired": "в месяц при покупке через Unired",
  "payment-plan-for": "Рассрочка оформляется на ",
  "payment-plan": " месяцев",
  "cart-empty": "Корзина пуста",
  "sitename": "Интернет магазин бытовой техники в кредит и рассрочку",
  "site-description": "Интернет магазин бытовой техники в Ташкенте. У нас вы можете купить в рассрочку компьютеры, телефоны, стиральные машины, телевизоры и многое другое в GOODZONE!",
  "keywords": "Goodzone, интернет магазин, телевизор, смартфон, телефон",
  "few": "Мало",
  "enough": "Достаточно",
  "lot": "Много",
  "shop": "Магазин",
  "address": "Адрес",
  "operating-mode": "Режим работы",
  "availibility-in-store": "Наличие в магазине",
  "clear-cart": "Очистить корзину",
  "search-result": "Результаты поиска",
  "yes": "Да",
  "not": "Нет",
  "pcs": "шт.",
  "reviews": "Отзывы",
  "load-more": "Больше",
  "enter-name": "Введите ваше имя",
  "comment": "Комментировать",
  "general-characteristics": "Общие характеристики",
  "forget-password": "Забыли пароль",
  "reset-password": "Сброс пароля",
  "send-code": "Мы вышлем вам код для сброса пароля",
  "send-code-phone": "Код был отправлен на ваш номер телефона. Пожалуйста, введите его, чтобы сбросить пароль",
  "welcome": "Добро пожаловать",
  "sign-in-with-phone": "Войдите с вашим номером телефона и паролем",
  "register": "Регистрация",
  "reset": "Сбросить",
  "is-have-account": "У вас нет аккаунта? ",
  "send": "Отправить",
  "sended-code": "Отправить код",
  "password": "Введите пароль",
  "phone-number": "Введите номер телефона",
  "code": "Код",
  "name": "Имя",
  "lastName": "Фамилия",
  "new-password": "Введите новый пароль",
  "confirm-password": "Подтверждение пароля",
  "confirmed-password": "Подтвердить пароль",
  "save-address": "Сохранить адрес",
  "edit-address": "Изменить адрес",
  "home": "Главный адрес",
  "my-address": "Мой адрес",
  "is-have-not-account": "У вас есть аккаунт?",
  "again-send-password": "Отправить код еще раз",
  "comment-count": "Нет отзывов",
  "comment-condition": "Прежде чем комментировать пожалуйста оцените",
  "reject-register": "Отказаться от регистрации",
  "reject-text-register": "Вы действительно хотите отменить регистрацию?",
  "not-found-text": "Страница не найдена",
  "go-home": "На главную страницу",
  "close-filter": "Применить",
  "available": "Есть в наличии",
  "not-available": "Нет в наличии",
  "price": "Цена",
  "prepayment": "Предоплата",
  "prepayment-amount": "Сумма предоплаты",
  "prepayment-placeholder": "Введите сумму предоплаты",
  "percent": "Процентная ставка",
  "month": "Месяц",
  "calculate": "Рассчитать",
  "currency": "сум",
  "initial-rassrochka-price": "Начальная цена в рассрочку",
  "monthly-payment": "Ежемесячный платеж",
  "left-debt": "Оставшийся долг",
  "required": "Обязательное поле",
  "overall-paid": "В целом оплачено",
  "overall-sum": "Итоговая оплата",
  "skidka": "Скидка",
  "stock": "Товара нет в наличии"
}
