{
  "company": "Компания",
  "help-customer": "Помощь покупателю",
  "info": "Информация",
  "contact-us": "Свяжитесь с нами",
  "follow-us": "Следите за нами",
  "news": "Новости",
  "about-company": "О компании",
  "address-shops": "Адреса магазинов",
  "faqs": "Вопросы и ответы",
  "how-to-order": "Как сделать заказ на сайте",
  "exchange-return-repair": "Обмен, возврат и ремонт товара",
  "payment-plan": "Рассрочка",
  "delivery": "Доставка",
  "bonuses": "Бонусы",
  "copyright": "Copyright © 2020 Интернет магазин GOODZONE.UZ. Все права защищены.",
  "read-more": "Читать далее"
}
