{
    "promo": "Акции и скидки",
    "shops": "Магазины",
    "delivery": "Доставка",
    "blog": "Блог",
    "login": "Войти",
    "personal-area": "Личный кабинет",
    "orders": "Заказы",
    "my-orders": "Мои заказы",
    "my-addresses": "Мои адреса",
    "exit": "Выйти",
    "dashboard": "Приборная доска",
    "dashboard-description": "С панели управления вашей учетной записи вы можете просмотреть Недавние заказы, управлять своимадреса доставки и выставления счетов и измените свой пароль и данные учетной записи.",
    "know-more": "Узнать подробнее",
    "days": "Дней",
    "hours": "Часов",
    "minutes": "Минут",
    "from": "с",
    "to": "по"
}